MAE,MSE,RMSE,MAPE,sMAPE,QLIKE,R2,HitRate,N,AssetClass,Ticker,Horizon
0.018492997474672496,0.00034532161944883613,0.018582831308733234,10.146343613129703,10.58659011706641,-2.3767780130460725,-0.5321338305401919,90.9090909090909,12,stock,AAPL,12
0.0322683830366821,0.0016551320414112537,0.040683314041646775,13.669984642821136,14.272956997794347,-1.938494652300724,0.006084787530488689,51.578947368421055,96,stock,AAPL,96
0.043636780776579696,0.0027482878863149783,0.05242411550341101,19.45300504340872,19.051765317847337,-1.882849036535709,0.014867332790054144,53.403141361256544,192,stock,AAPL,192
0.05066908601663662,0.005607905431293499,0.0748859494918339,19.53022480931106,19.988541093191323,-1.731207202624,-0.0074789975280007415,50.44776119402985,336,stock,AAPL,336
0.07397398582861879,0.015754752031217564,0.1255179350978081,22.506922999034497,24.862499794775868,-1.2532918970933564,-0.12903776895670904,49.791376912378304,720,stock,AAPL,720
0.0195114274262281,0.000585307736223587,0.02419313407195494,9.692345084963709,9.058239381208748,-2.1618005336051707,-27.473586748930348,54.54545454545454,12,stock,AMZN,12
0.05584253513444833,0.003699658446140333,0.06082481768275457,24.182282936343842,21.416606023104027,-1.7647258078889552,-0.47194209362443185,57.89473684210527,96,stock,AMZN,96
0.06335908880221826,0.004756565761578519,0.0689678603523302,27.86785000342998,24.08141262446084,-1.7191037236907756,-0.6404682326358659,53.92670157068062,192,stock,AMZN,192
0.0703727015340532,0.008815716986692836,0.09389204964581845,24.88083705861643,23.380903659892915,-1.4281349848478628,0.03159873745740527,50.14925373134328,336,stock,AMZN,336
0.08032617634539804,0.013272872896777338,0.11520795500648963,24.5532365362326,24.40631698925212,-1.1882002655158603,0.012583439374754257,44.08901251738526,720,stock,AMZN,720
0.01118749631692084,0.00018213429969145693,0.013495714123063548,11.37486171219644,10.503375418944048,-3.567741684974141,-12.902990718458401,45.45454545454545,12,stock,BRK-B,12
0.01947769281159046,0.0004860659045076555,0.022046902378965973,13.392339850600955,13.545143923545497,-2.88768615312444,0.2923552387041142,48.421052631578945,96,stock,BRK-B,96
0.01855273764889687,0.0005127103798602013,0.022643108882399548,13.9691686438806,13.184019636332108,-2.915776065086174,-0.041779325165578474,49.73821989528796,192,stock,BRK-B,192
0.023883642225386192,0.0010194954570070644,0.0319295389413481,14.669618745516555,15.01391130506749,-2.6723602459809572,0.08373592859877299,50.74626865671642,336,stock,BRK-B,336
0.035024698495257876,0.0049752241116359135,0.07053526856570345,16.19063341767214,17.95817196284592,-2.306698889626429,-0.056964659837436704,50.48678720445062,720,stock,BRK-B,720
0.017706016185274596,0.00047223535310144727,0.021730976809647726,10.18006501904486,9.544404746602813,-2.3797742812629115,-1.6558235116402464,45.45454545454545,12,stock,GOOGL,12
0.05009582409527067,0.003827317866950807,0.06186532038994712,17.93740026683226,19.758016070775497,-1.6385383515817509,-0.16047024810511323,54.736842105263165,96,stock,GOOGL,96
0.06313488751613557,0.010281888199893802,0.10139964595546576,18.7076901585355,21.689943045599048,-1.3990710634011692,-0.1689908072204147,51.30890052356021,192,stock,GOOGL,192
0.06327132009292816,0.009053465651725181,0.09514970126976323,18.89325755364501,21.96942223474984,-1.363534012717916,-0.29977600524494874,49.25373134328358,336,stock,GOOGL,336
0.08592012663979089,0.013049613679067231,0.11423490569465723,23.920675555228474,28.763810165672528,-1.0158202805827246,-0.8491460751445032,48.95688456189152,720,stock,GOOGL,720
0.017183856100850037,0.00042351980457978156,0.020579596803139307,12.430928972825003,13.582410797943684,-2.9800999714255734,-3.9098906927164823,27.27272727272727,12,stock,JNJ,12
0.01036256442954853,0.00019167649082302597,0.013844727907150287,7.3728540708545465,7.744184028680853,-2.9810157131766295,-0.7833073133234343,46.31578947368421,96,stock,JNJ,96
0.021267671661979615,0.0009703551891902684,0.031150524701684695,12.464461257211706,13.888214843370486,-2.733515874256673,-0.31856745381862606,52.35602094240838,192,stock,JNJ,192
0.024667338681258137,0.001091901541968674,0.033043933512351006,14.248713237939379,15.934485006532837,-2.6438497958287037,-0.5817260526360086,52.23880597014925,336,stock,JNJ,336
0.0413797837456968,0.004440566437558513,0.06663757526770098,19.601749796295376,23.25384106611377,-2.17720800032298,-0.5209472475991686,50.34770514603616,720,stock,JNJ,720
0.008100256430475761,8.16344906461568e-05,0.00903518072017139,3.437471979006417,3.364878026044208,-1.8715881437384734,-4.034927253609862,54.54545454545454,12,stock,META,12
0.11236792247724736,0.03579047319546382,0.18918370224589595,21.32921994992618,27.896738256497738,-0.3290293009805314,-0.4808645786113359,52.63157894736842,96,stock,META,96
0.11726435165762104,0.038050768610864566,0.19506606217090805,22.49304428936011,28.646425079728232,-0.3355075510991388,-0.38370330889193394,51.832460732984295,192,stock,META,192
0.10867390657916934,0.028928850728376105,0.1700848339164198,23.84157466743808,28.2022619125986,-0.5845094615557921,-0.3242484626507458,50.14925373134328,336,stock,META,336
0.10524319122490261,0.022673492952618834,0.15057719931191055,25.59144951352893,27.872115919767555,-0.7165535551884071,-0.2189578920922579,50.76495132127955,720,stock,META,720
0.018975125540001882,0.0004248691351445258,0.020612353944771223,13.702673246414964,12.67471418387413,-2.9054306924891917,-12.972472095127051,63.63636363636363,12,stock,MSFT,12
0.014768366986259896,0.0003119073401768732,0.01766089862314127,8.321001691252103,7.928618886308929,-2.356369573053461,0.4775640908203338,55.78947368421052,96,stock,MSFT,96
0.02555211535080917,0.0010270816105465168,0.03204811399359589,13.886912935348159,12.906449650574734,-2.256085576588723,0.10536489972752949,53.403141361256544,192,stock,MSFT,192
0.03137624746115336,0.0016810305889298329,0.041000373034032665,15.75404601843942,14.995109955819494,-2.1368635323007448,0.11298976620700996,54.328358208955216,336,stock,MSFT,336
0.050719697411284514,0.005141993603371733,0.07170769556589957,21.2076921922331,21.532739885623606,-1.8564827837216007,0.0031027011955772066,51.46036161335188,720,stock,MSFT,720
0.00552606451852589,4.298160774272048e-05,0.006556035977839085,2.0405386387848523,2.0473540672218054,-1.5895819772930146,0.3831703236104703,54.54545454545454,12,stock,NVDA,12
0.14546379417570124,0.039897936175400155,0.19974467746450755,24.051421568626232,29.811426391586625,-0.08601694260975146,-0.45806050036645596,51.578947368421055,96,stock,NVDA,96
0.13746456572480847,0.03322474581811827,0.18227656409456008,23.3430968150785,28.30185366209529,-0.08192459392835809,-0.7113619019578314,52.879581151832454,192,stock,NVDA,192
0.14561076807076084,0.04174320014902328,0.20431152720544987,24.082804207505053,28.887102003449154,-0.0023527821384842535,-0.5242324352221832,51.04477611940299,336,stock,NVDA,336
0.14169732876096613,0.03871104590298885,0.1967512284662763,25.83692882138915,29.104159326651324,-0.1305860417967565,-0.32723273549854026,51.599443671766345,720,stock,NVDA,720
0.05271329044396202,0.0030042167633781204,0.05481073584050957,16.57267471462537,15.194995908358433,-1.2205884164383538,-14.776208106003244,36.36363636363637,12,stock,TSLA,12
0.06502404363581005,0.0067049659658414825,0.08188385656429162,13.695300045781725,14.817897842903541,-0.5696833704349177,-0.2722640269809966,50.526315789473685,96,stock,TSLA,96
0.08721965190599551,0.015131251753443485,0.12300915312871431,15.780443795376522,17.840018462803183,-0.33817846948095714,-0.3787674177413334,50.78534031413613,192,stock,TSLA,192
0.13919304351189593,0.034792326336150335,0.18652701234982116,21.39741350247728,25.409832043917053,0.06774384317685027,-0.6395842097002604,50.14925373134328,336,stock,TSLA,336
0.16029917003772984,0.04413984495642661,0.2100948475246992,23.52905979623231,28.06625328126444,0.2640914665063873,-0.8931931623135925,48.400556328233655,720,stock,TSLA,720
0.025875571933566044,0.0007835027792208564,0.02799111964928978,22.733736993846502,20.715547215220333,-3.169534857362649,-1.5898767655178987,27.27272727272727,12,stock,V,12
0.038878395202088634,0.002083224690154016,0.04564235631684692,28.494948419188887,23.855532416441953,-2.717312972152065,-1.8017415996826984,45.26315789473684,96,stock,V,96
0.055292807791604844,0.0039772321554918015,0.06306530072466,38.72658032671818,30.799846892476427,-2.5800078187097006,-4.473614200185055,49.21465968586388,192,stock,V,192
0.053968322059759884,0.003938200266938685,0.06275508160251793,35.934415784900835,28.619983260678694,-2.4029988480026825,-1.5149256285548653,49.25373134328358,336,stock,V,336
0.06271316167529593,0.006719663840690118,0.0819735557401905,33.336288343585345,28.574877771193126,-2.0987036770334573,-0.09788421874337572,49.235048678720446,720,stock,V,720
0.01289252866048241,0.0003157410546325877,0.017769103934430337,9.928865126401227,9.018292664002253,-2.890972042303069,-1.5667028167321289,45.45454545454545,12,etf,EEM,12
0.039865309105160666,0.0023619744621645976,0.04860014878747387,37.18517932342021,28.615961474387397,-2.980529775198326,-3.224989505754259,43.15789473684211,96,etf,EEM,96
0.04737084612449183,0.00287828524171925,0.05364965276420016,43.29470053861774,33.3160575154713,-2.9858372030169584,-5.042984150190532,48.69109947643979,192,etf,EEM,192
0.0462727280950636,0.0027822315095882323,0.052746862556821636,37.79002814862412,30.496822500668376,-2.772271367723132,-0.5163993632172239,49.55223880597015,336,etf,EEM,336
0.05076783456089341,0.0038142740459591318,0.06175980930960791,38.78366139925696,31.8319284558991,-2.6688197969190894,-0.23666048547549323,50.76495132127955,720,etf,EEM,720
0.007080804913969708,6.61459892090825e-05,0.008133018456211845,6.588686902490602,6.310111917099179,-3.4141092501098824,-2.6944467862211816,63.63636363636363,12,etf,EFA,12
0.03467324953883453,0.0017669928298618125,0.04203561382758449,38.17075655637982,29.38488325267441,-3.3758282665210815,-6.152109255137114,52.63157894736842,96,etf,EFA,96
0.03638076790175221,0.0019166393324672798,0.043779439608876675,37.932179234858545,29.253072526541462,-3.227955418162297,-2.6986789271505365,50.26178010471204,192,etf,EFA,192
0.03968061817041065,0.0020671161890293143,0.04546554947462215,37.59699706204066,29.80872248867843,-3.0838884540790445,-1.1503593581179548,50.44776119402985,336,etf,EFA,336
0.05131072391372574,0.003877167910656289,0.06226690863256573,44.216861783653975,35.41894009471683,-2.9320732533807283,-0.427946895614399,50.06954102920723,720,etf,EFA,720
0.005910497176049051,4.5007473498548704e-05,0.006708760951066054,5.453828896599201,5.301395065515747,-3.3872474565629784,-0.11995788910198701,72.72727272727273,12,etf,GLD,12
0.012761357009052636,0.00022290729935693938,0.014930080353331638,11.301280764570189,10.866554244081202,-3.270727215941736,0.10341850308743372,50.526315789473685,96,etf,GLD,96
0.027164263179017725,0.0019863341375544754,0.04456830866831807,15.771993207690125,17.80166505016192,-2.757871615173292,-0.12430712593662241,49.73821989528796,192,etf,GLD,192
0.025853475823287137,0.0015187221226481053,0.03897078550206687,15.899364777116642,17.47038885605209,-2.7979136294544804,-0.1400400252831906,47.76119402985074,336,etf,GLD,336
0.03427097830804869,0.0026328555794077405,0.05131135916546881,19.34170839232108,21.720753577185125,-2.601864763026481,-0.19730387710545982,48.261474269819196,720,etf,GLD,720
0.005676654402904352,3.993992161899316e-05,0.006319803922511613,10.55801892946765,11.140698227125919,-4.889050963555905,-0.7553452094511537,36.36363636363637,12,etf,GOVT,12
0.006110947768147245,4.7962287655195886e-05,0.006925481041429244,12.336699024247503,12.686366556648013,-4.98122755383556,-0.13686753971842336,54.736842105263165,96,etf,GOVT,96
0.00721879018942267,7.272855195040023e-05,0.008528103654998585,14.436767459837894,15.189996482025684,-4.9757991814429845,-0.37414642908046347,50.26178010471204,192,etf,GOVT,192
0.009556567194386826,0.00015100590566561405,0.01228844602322092,17.389734681519922,19.435100697526224,-4.827174909306433,-0.9588120322558953,50.74626865671642,336,etf,GOVT,336
0.010825519755997708,0.0002966612776879616,0.017223857805031995,18.736842217136402,21.24720995875789,-4.803365713385899,-0.27872140383855326,49.93045897079277,720,etf,GOVT,720
0.014377913086714905,0.00022684095307424004,0.015061240090850423,7.403895990423835,7.714166177679285,-2.277787103135267,-10.431019902096738,54.54545454545454,12,etf,IWM,12
0.026487904533933033,0.0010361670158873376,0.03218954823987652,12.342467959685237,13.426879507798805,-2.1464427388356078,-1.1305905403978689,46.31578947368421,96,etf,IWM,96
0.02439054188607324,0.0008567281805172333,0.029269919380094527,12.805989533891756,13.065088704015434,-2.281952981522102,-0.19775451973285763,47.64397905759162,192,etf,IWM,192
0.037983750430238335,0.002780488247246051,0.05273033517100049,16.48008940725855,18.219247170500484,-2.028876827228704,-0.41240038065144,51.34328358208955,336,etf,IWM,336
0.04900796898500101,0.006346560215304363,0.07966530120011073,18.684895663173364,21.470011188378415,-1.8004796463429076,-0.3149742491620282,50.06954102920723,720,etf,IWM,720
0.009234763688320604,8.97249662917052e-05,0.009472326340013059,7.7997214581840275,8.131899331110976,-3.2621205595060636,-2.243945809149867,72.72727272727273,12,etf,QQQ,12
0.018375735893035622,0.0004166893347959131,0.020412969769142194,11.61107431499531,12.224332309067753,-2.726612754342108,0.11953270916824144,52.63157894736842,96,etf,QQQ,96
0.022413297358691298,0.0007299330916545303,0.02701727394935563,15.14837239141562,14.613937518962835,-2.70119837047181,-0.0737696665621086,53.92670157068062,192,etf,QQQ,192
0.03206563140382937,0.0022180590418229666,0.047096274181966526,17.264929067900788,17.861286698226085,-2.455199440902347,0.036589464684304907,51.64179104477612,336,etf,QQQ,336
0.05093142078325853,0.006541210769823377,0.08087775200772693,23.966511785107198,25.24720287338952,-2.0823527851733865,-0.05604253891794064,50.48678720445062,720,etf,QQQ,720
0.0049907075403924014,3.857850707407653e-05,0.006211159881541976,5.171649223923771,5.375044630296346,-3.6975673346748956,-4.671640419041994,63.63636363636363,12,etf,SCHD,12
0.015961687344520765,0.0003619018420606658,0.019023717882177126,16.702051852768115,15.109735752593545,-3.5570783520665237,-2.596027958225209,53.68421052631579,96,etf,SCHD,96
0.017753205776994938,0.0004875300341302149,0.022080082294462015,18.731217732492777,16.29715212213523,-3.428183879290117,-0.531655092142052,49.21465968586388,192,etf,SCHD,192
0.01861423851586721,0.0005231309822784255,0.022872056800349757,17.326270774843803,15.826653823318615,-3.2772068545412623,0.02118058926603783,48.95522388059702,336,etf,SCHD,336
0.0266025378146561,0.002655381811744551,0.051530396968629606,17.964939136469088,18.09904102993497,-2.932122132557985,0.03182798228167483,48.12239221140473,720,etf,SCHD,720
0.00430163565675799,2.4429309553036012e-05,0.004942601496483002,4.6540157466005265,4.7564725638157705,-3.7527587690460606,-9.040911822185402,63.63636363636363,12,etf,SPY,12
0.013082270069135017,0.0003157021655196478,0.017768009610523286,12.846449845594963,11.436786909409468,-3.4459980287130048,-1.8269108468387047,51.578947368421055,96,etf,SPY,96
0.021161981814825523,0.0007880255923822695,0.02807179353696998,21.649187164359454,17.93699907813959,-3.3351896726387777,-1.2592236785840725,49.21465968586388,192,etf,SPY,192
0.02799061263611529,0.0012927665228074845,0.035955062547678655,23.76481725685894,21.122894576807752,-3.111979741840664,-0.019188663270670148,49.25373134328358,336,etf,SPY,336
0.04315638220675396,0.004954383937331221,0.07038738478826459,29.28499286075577,27.406505724269792,-2.6428093996199062,0.03570999172483924,49.235048678720446,720,etf,SPY,720
0.0026902079161007994,9.93211727906372e-06,0.0031515261825128026,2.918432170527867,2.9145962030845047,-3.7651687879024123,-0.6180807063191809,72.72727272727273,12,etf,VTI,12
0.013150628855123733,0.00033570836994002836,0.01832234619092294,12.677154378298242,11.22774496855332,-3.4138464186602877,-2.1302199991006936,54.736842105263165,96,etf,VTI,96
0.021007698223030447,0.000783594838744447,0.027992764042595847,21.020825885507346,17.47753604576173,-3.2987866639030763,-1.1432364794935945,52.879581151832454,192,etf,VTI,192
0.028763931383524136,0.0014434745259499207,0.03799308523863153,23.70056415323778,21.182864875097643,-3.0701461321124865,-0.005083397403647494,52.537313432835816,336,etf,VTI,336
0.04305107924521035,0.004922652394140923,0.07016161624521575,28.716577349774703,26.98266146597627,-2.6220060577614435,0.03462594124280094,50.62586926286509,720,etf,VTI,720
0.01474841776219605,0.0004429745685266544,0.02104696102829704,13.311192693725893,11.674283207936082,-3.102536833811575,-1.0897032925178016,36.36363636363637,12,etf,VWO,12
0.04076563187416318,0.0024774667288574434,0.04977415723904769,42.4571224208969,31.527390341992984,-3.141650049629392,-3.950064490681714,40.0,96,etf,VWO,96
0.05038145266461558,0.003166729161534619,0.05627369866584761,50.39453514620745,37.6775414145573,-3.133114416802044,-7.26437906126586,44.50261780104712,192,etf,VWO,192
0.04813974794255441,0.0029118395568068626,0.053961463627359686,43.193898629759225,33.798484434249495,-2.9055913255863315,-0.6747792074077137,48.35820895522388,336,etf,VWO,336
0.05404105371279655,0.004143666338881835,0.06437131611891926,44.79069366734121,35.70407596777548,-2.782199686678482,-0.3016599080108535,50.34770514603616,720,etf,VWO,720
0.04588177630691175,0.002208778077801583,0.0469976390662508,34.61766081356719,42.15258715006201,-2.53532784861846,-27.99695693344321,36.36363636363637,12,forex,AUDJPY,12
0.015593917162135179,0.0004443183688486766,0.0210788607104055,15.186815620763477,15.567649444457768,-3.5311575956031365,-0.5702151102498636,47.368421052631575,96,forex,AUDJPY,96
0.024865800050738174,0.00112537988209856,0.03354668213249352,19.93779775262083,21.36838799027075,-3.215582320894209,-0.12856153111421165,45.0261780104712,192,forex,AUDJPY,192
0.050006325108652556,0.004838824664452449,0.06956166088049112,28.256999137814194,34.23167235532456,-2.297313113059145,-0.48584228379008887,48.35820895522388,336,forex,AUDJPY,336
0.05524944571990241,0.0074305906224251235,0.08620087367553257,28.70291712469863,35.08427521014253,-1.9446004543583029,-0.4216865217865642,49.791376912378304,720,forex,AUDJPY,720
0.09409015254717816,0.008857912507728933,0.094116483719532,53.172195162123174,72.43239499420308,-0.4192461092238651,-1777.20582429451,63.63636363636363,12,forex,AUDUSD,12
0.037967092782668736,0.0020444454404606217,0.0452155442349268,28.764677564821913,34.753640042088804,-2.7444595537710845,-2.5966647676580625,50.526315789473685,96,forex,AUDUSD,96
0.038420625186493855,0.001955612202969081,0.04422230436068524,28.94990297278428,34.93801666744533,-2.744463145415841,-3.163965370257137,49.73821989528796,192,forex,AUDUSD,192
0.03771288634775708,0.001963477229936919,0.044311141149116426,27.928464408879982,33.708760766320026,-2.76907510653761,-2.321604183552461,52.83582089552239,336,forex,AUDUSD,336
0.04436668152101263,0.004691066384381583,0.06849135992504152,27.761232331197423,34.490166855808255,-2.2802442397207874,-0.6632722870491494,50.90403337969403,720,forex,AUDUSD,720
0.033693541944987616,0.0011559618548425065,0.03399943903717393,43.61472651018498,55.982964144748216,-3.0804268924836475,-139.03726119823995,18.181818181818183,12,forex,EURGBP,12
0.01751595346864619,0.0004247150432442094,0.02060861575274306,34.761080956581,30.96021619580318,-4.679723871092176,-2.5237102496672668,41.05263157894737,96,forex,EURGBP,96
0.026307108649504442,0.0008510595836169702,0.02917292552379638,57.17090543623136,43.4132406394677,-4.691183689795737,-8.529501394318814,47.12041884816754,192,forex,EURGBP,192
0.026456919765029317,0.0009078439905202836,0.030130449557221738,54.28021561492669,40.28925869685776,-4.475485162343558,-2.3017449852758385,49.55223880597015,336,forex,EURGBP,336
0.034466280546874346,0.0014403789489299723,0.0379523246841346,59.53098421214609,44.266265486003995,-4.179727311642044,-1.1378910802323792,49.09596662030598,720,forex,EURGBP,720
0.1544573844166062,0.02390631687529064,0.15461667722238323,65.59785309276474,97.63362188087586,3.4449373038241866,-508.03670937864007,36.36363636363637,12,forex,EURJPY,12
0.03842684647933355,0.0038261340366797848,0.061855751847987306,25.682778117740394,31.596871743744742,-2.5709719144555816,-0.4713863897136532,45.26315789473684,96,forex,EURJPY,96
0.03221754199898034,0.002620961857082068,0.051195330422628076,22.995629966137976,27.67027623519211,-2.8932197825792314,-0.4566382881879074,48.69109947643979,192,forex,EURJPY,192
0.04521819903240557,0.003816603258687092,0.06177866345824497,28.961596576662707,36.27756391278054,-2.4089093931734586,-0.8350098930443477,50.44776119402985,336,forex,EURJPY,336
0.03669101103396826,0.002519648395271829,0.050196099402959875,26.411499245754467,31.051567047603562,-2.8142914829096073,-0.608909708039312,49.374130737134905,720,forex,EURJPY,720
0.031383909811624776,0.001052211674932325,0.03243781242519793,32.62680812493807,39.271171477623085,-3.263909577069173,-15.108717490229058,18.181818181818183,12,forex,EURUSD,12
0.014834423999925612,0.0003314670204525091,0.018206235757358222,17.50854549647651,19.8046571880627,-3.982141328722547,-1.3134681955812213,46.31578947368421,96,forex,EURUSD,96
0.016332539616417886,0.0004036683423859414,0.020091499256798668,18.49280170376564,21.055533645555755,-3.8996056029054427,-1.1250533090026353,46.596858638743456,192,forex,EURUSD,192
0.019440321842761,0.0006875632725456974,0.026221427736599266,20.614985775168954,23.532329304745648,-3.7803959478360025,-0.4949619321349341,50.14925373134328,336,forex,EURUSD,336
0.029524288122399236,0.00158034629342876,0.0397535695683892,26.44446323552757,31.55428687454639,-3.275183657054977,-0.6332858600300764,46.87065368567455,720,forex,EURUSD,720
0.058970345965354054,0.003642556864497861,0.06035359860437371,38.93227503510825,48.64798058555839,-2.054853114585134,-22.267474972321555,27.27272727272727,12,forex,GBPJPY,12
0.01849610847266211,0.0006916030542239423,0.026298346986530205,16.862075918716044,17.81682649089701,-3.478949100592738,-0.22873532352692805,46.31578947368421,96,forex,GBPJPY,96
0.02265028948244241,0.001028447816621567,0.03206942183173197,19.64164741795047,20.72934566017699,-3.3745110149079616,-0.1259429507271297,48.167539267015705,192,forex,GBPJPY,192
0.04310677087693108,0.0034835149872887365,0.059021309603301216,27.301053770086035,32.470995957009755,-2.5867594007263266,-0.4651645736495187,51.94029850746269,336,forex,GBPJPY,336
0.03551202480403634,0.0023194872529180167,0.04816105535511049,25.324832895293586,28.44296459066202,-2.856807651762449,-0.37362648304666557,49.791376912378304,720,forex,GBPJPY,720
0.03508441924461176,0.0012834298831611596,0.035824989646351044,33.11806140328788,39.887891134273424,-3.053030930838594,-26.03418621176617,36.36363636363637,12,forex,GBPUSD,12
0.017786215664814753,0.00041819172382002984,0.020449736522019785,19.661769550058615,21.61316595201701,-3.7807315568695734,-0.9720020399942044,44.21052631578947,96,forex,GBPUSD,96
0.015420314900619366,0.00034268014048243536,0.018511621768025496,17.01806224959724,18.482666834795705,-3.8207596797475767,-0.6835531920322133,47.12041884816754,192,forex,GBPUSD,192
0.016457276439279172,0.0004109390243092253,0.02027163102242208,17.101292887916962,18.796521577123045,-3.72925629879296,-0.5510585480212367,51.64179104477612,336,forex,GBPUSD,336
0.020284342861735655,0.0007267927645651917,0.026959094283102163,18.573461593595848,21.238965261099263,-3.5001297908383195,-0.6971652266040289,50.208623087621696,720,forex,GBPUSD,720
0.026797162515360014,0.0007241618868237616,0.026910256164216675,34.827137903951524,42.21501612384014,-3.6283121933007454,-155.6316848525249,45.45454545454545,12,forex,USDCAD,12
0.016407333159343448,0.0003460981918718762,0.01860371446437179,22.075011421318177,25.545870478992118,-4.085424085198118,-4.7028805488464975,44.21052631578947,96,forex,USDCAD,96
0.014544760494350042,0.0002883223788108762,0.016980058268771525,19.43593715662367,22.06688195733375,-4.140875545418053,-2.4384721883297265,43.97905759162304,192,forex,USDCAD,192
0.01234439117450696,0.00022335059774768458,0.014944918793612918,18.660502334280743,19.4247542161223,-4.341722301690304,-0.6545590063030151,47.462686567164184,336,forex,USDCAD,336
0.01607584686608497,0.0004962272566962955,0.022276158930486546,20.53549387710965,22.23131338884254,-4.101624673336881,-0.25987116685215517,49.374130737134905,720,forex,USDCAD,720
0.057822943385159344,0.0033589611262458442,0.05795654515450213,43.96211017499452,56.373893085614945,-2.0277588106558473,-164.04179170036753,45.45454545454545,12,forex,USDCHF,12
0.025917593831595958,0.0010270113821750427,0.03204701830397085,22.968337826372487,26.49992148885618,-3.2468159904260054,-1.8183251933348545,43.15789473684211,96,forex,USDCHF,96
0.02033973121063208,0.0007074047230619212,0.026597081100412527,20.482885624579687,20.91539686554873,-3.461141661678161,-1.4546241849164536,42.93193717277487,192,forex,USDCHF,192
0.02490282177259227,0.0009331080363662271,0.030546817123330985,25.47527667022219,23.481082604125067,-3.395355659560765,-0.7388058770524804,49.25373134328358,336,forex,USDCHF,336
0.044887969200666164,0.002945504926106134,0.054272506171229404,44.318112413458216,34.87502167348918,-3.2001569995853685,-1.4252421684997763,46.59248956884562,720,forex,USDCHF,720
0.046229599352006316,0.0021543133401863497,0.0464145811161358,34.67550413995881,41.985429721582065,-2.5369622820742856,-124.82297957334445,45.45454545454545,12,forex,USDJPY,12
0.03011751165722755,0.0011486598981932637,0.033891885432847546,24.87136464437548,28.891780635410598,-3.114152448194485,-1.82153224542565,54.736842105263165,96,forex,USDJPY,96
0.030614239911172663,0.0015912438652175287,0.03989039815817246,24.62330063880749,28.525715966973486,-3.1171816144147644,-0.6281962077835821,52.879581151832454,192,forex,USDJPY,192
0.056785075656234106,0.0050994003151574345,0.07141008552828819,35.41859994912422,45.33353754220383,-1.9527108045615265,-1.3188868073279045,48.656716417910445,336,forex,USDJPY,336
0.05804163845670991,0.005183402453085721,0.0719958502490645,36.28078128669333,46.61777312365656,-1.872008633081093,-1.6294471361067302,50.90403337969403,720,forex,USDJPY,720
0.04796287377768877,0.003381061743357056,0.058146897968482,5.958050453723796,6.227870584000228,0.5324391965038943,-1.054542441630061,63.63636363636363,12,crypto,ADAUSD,12
0.21886162834747402,0.08001052099138618,0.28286131052405555,39.63736530132182,29.13464490176511,0.49802393693423314,-1.1098643864984878,51.578947368421055,96,crypto,ADAUSD,96
0.3345561396249385,0.161106315465495,0.40138051206491704,66.9859891163045,44.12123077815092,0.45830370167098783,-2.772008199407248,51.832460732984295,192,crypto,ADAUSD,192
0.3834266449848929,0.18980652271350307,0.4356679041580904,75.32755752077728,49.50214240965946,0.4814288324825795,-2.7471353087822643,52.23880597014925,336,crypto,ADAUSD,336
0.39762400924843627,0.22545557606444463,0.47482162552314805,64.30479847030698,45.91602101457858,0.7563216968731795,-0.42561314547972695,49.791376912378304,720,crypto,ADAUSD,720
0.24694268208724798,0.06547561763253819,0.2558820385109869,38.42113172470618,31.616398725675637,0.3731634386782093,-8.54051724503296,90.9090909090909,12,crypto,BCHUSD,12
0.2832985049963132,0.1253740004821634,0.35408191210814965,55.24481467005532,36.424836004807524,0.658602000995505,-0.6345191197460063,57.89473684210527,96,crypto,BCHUSD,96
0.3260649600195136,0.15228867888167358,0.3902418210311058,61.96356129337628,41.39157124953509,0.613577293341231,-1.2641186390490828,50.78534031413613,192,crypto,BCHUSD,192
0.3706285514250985,0.18006085925144613,0.4243357859660744,71.48444023043291,47.14737490805517,0.5463463456989442,-2.2400801302186046,51.64179104477612,336,crypto,BCHUSD,336
0.3957993347796675,0.19390487535748,0.440346312982725,76.63476696896478,50.230777593892284,0.5057825818586582,-3.456670837479723,50.76495132127955,720,crypto,BCHUSD,720
0.19482538020392945,0.0380303311955493,0.19501366925307903,35.64282228668817,30.21841784913903,-0.048352425998852,-41.81939427159828,81.81818181818183,12,crypto,BNBUSD,12
0.4753132715715849,0.2590482801689203,0.5089678576972423,116.10806645649323,65.68040993822792,0.2776499904945759,-5.876081622264965,56.84210526315789,96,crypto,BNBUSD,96
0.7387590471147005,0.6494769473451654,0.8059013260599373,182.2377519722397,86.20641648625801,0.5540140721487994,-24.20276449966786,51.30890052356021,192,crypto,BNBUSD,192
1.02337503478568,1.2338373856510165,1.110782330454989,255.11563226574063,101.94604586475637,0.8683779258398102,-55.053945864718784,51.04477611940299,336,crypto,BNBUSD,336
1.5724691747929478,2.8799103424837944,1.6970298590430855,412.57419528368393,121.7271758736942,1.4036958684012981,-95.62909594512898,49.09596662030598,720,crypto,BNBUSD,720
0.032657494881659824,0.0012710501981337441,0.03565179095268208,8.099866308823142,7.718025240054581,-0.7312774319037332,0.44683895920340955,72.72727272727273,12,crypto,BTCUSD,12
0.15066571360028466,0.03878705525330938,0.19694429479756295,41.84658382751,29.930688181392355,-0.3637188624538779,-1.4263828047627456,55.78947368421052,96,crypto,BTCUSD,96
0.21638199818804027,0.06406968365921538,0.25311989976928995,59.73567407189723,41.384776682907884,-0.360145750938369,-3.7723077304527113,49.21465968586388,192,crypto,BTCUSD,192
0.24163006936622866,0.07318785142417852,0.27053253302362457,65.38019494852867,45.4848769825794,-0.3496508560432088,-5.180618951674695,51.94029850746269,336,crypto,BTCUSD,336
0.2846627101956615,0.09627950049503045,0.3102893818599509,86.33518850773385,54.81301581844331,-0.3798196528056612,-6.376288536096692,50.76495132127955,720,crypto,BTCUSD,720
0.10029626448018221,0.010211723383413715,0.10105307211269589,20.468464832900874,18.533421184978778,-0.35650901780854577,-12.106462460189467,81.81818181818183,12,crypto,DOGEUSD,12
0.31753193573280397,0.15251100358941336,0.3905265721937668,49.662744346595474,38.882847836006434,0.6909363287363918,0.33973304721508035,54.736842105263165,96,crypto,DOGEUSD,96
0.39012413097240556,0.22504260466161807,0.474386556156072,60.60497902952354,42.97393585411366,0.8083655054912384,-0.5947594122876501,47.64397905759162,192,crypto,DOGEUSD,192
0.5860224810533379,0.4625749881138121,0.6801286555599698,91.34886023292422,56.40623885756452,0.9763626202171497,-3.071651390629622,51.04477611940299,336,crypto,DOGEUSD,336
1.0026562307354934,1.3196880000687752,1.1487767407415486,147.2777617216782,75.30724590765077,1.3919091690131988,-9.430198987158537,48.53963838664812,720,crypto,DOGEUSD,720
0.056009694947717244,0.0041322725102684735,0.06428275437680368,6.115395684095929,6.365662437820337,0.783987033842804,-1.3384190012197004,63.63636363636363,12,crypto,DOTUSD,12
0.2149337674031101,0.07746144368451466,0.27831896033959785,39.91352974349171,28.91250770610268,0.5473057325337857,-0.6329997274774581,46.31578947368421,96,crypto,DOTUSD,96
0.30392494873325265,0.1338513543912739,0.36585701358765,55.67574036837958,38.88052562573778,0.525909391738134,-2.2309952315820136,47.12041884816754,192,crypto,DOTUSD,192
0.3993731016643038,0.21040751470695593,0.4587019889938956,77.41556883795432,49.89239325563775,0.5367529535502368,-3.4158537654281638,50.14925373134328,336,crypto,DOTUSD,336
0.4744857784953421,0.3224926460661305,0.5678843597653755,76.64981418645375,52.015433555349375,0.8227977256924339,-0.6015083434529218,50.62586926286509,720,crypto,DOTUSD,720
0.04592059558057738,0.002547965143060403,0.05047737258475725,9.929963593805438,9.342416971091245,-0.44736116832032985,-0.7299754994705101,72.72727272727273,12,crypto,ETHUSD,12
0.16473833477269637,0.04325453497172325,0.20797724628363376,40.60659542472866,29.739163986471578,-0.17174142625986813,-1.1986838352703697,55.78947368421052,96,crypto,ETHUSD,96
0.24792724004014374,0.08480478476008528,0.2912126109221324,57.25317312647877,40.16574398079667,-0.06475006970277339,-4.339160725578437,49.73821989528796,192,crypto,ETHUSD,192
0.3003340244761847,0.11521497036287406,0.339433307680425,67.06811339493805,46.2921163208505,0.020583296535819525,-5.856363766257494,53.13432835820896,336,crypto,ETHUSD,336
0.2961659835645544,0.10790099957675263,0.32848287562177825,59.90182855849683,42.79271629168468,0.19053431679024174,-2.9386201963396976,52.01668984700974,720,crypto,ETHUSD,720
0.18758443224920904,0.03622860639528939,0.1903381369964763,41.75486539877844,34.03020382668584,-0.3293195303663697,-7.128507630792315,90.9090909090909,12,crypto,LTCUSD,12
0.2515514883385861,0.09605122211836237,0.30992131601160056,64.04085083484038,40.958502250165324,0.14719792265049758,-0.8473874663335244,53.68421052631579,96,crypto,LTCUSD,96
0.30042236103338366,0.12639109296469217,0.355515249974867,75.83465671838927,47.8297037416187,0.15300525776580845,-1.491442887982739,49.21465968586388,192,crypto,LTCUSD,192
0.32861415233462726,0.1400015552929664,0.37416781701927065,81.2004568456255,51.63269175296984,0.12072898490899954,-2.4648664227186052,53.43283582089552,336,crypto,LTCUSD,336
0.3141550840191967,0.13734677214781807,0.37060325436754876,64.88279680633553,44.83413939694676,0.38406333708810936,-0.4555894913315903,51.46036161335188,720,crypto,LTCUSD,720
0.029202453072777107,0.0012099803776397212,0.03478477220911071,2.83372737457684,2.8928079531052644,1.0916917975064535,-0.4049274477951208,72.72727272727273,12,crypto,SOLUSD,12
0.37043486369860484,0.19101496667796522,0.437052590288589,54.72764170720416,38.292154434757904,0.9012573713452134,-3.7107223275188828,47.368421052631575,96,crypto,SOLUSD,96
0.45426916190136285,0.26315620015233493,0.5129875243632489,70.28519709128034,47.230091251729704,0.8739192349899542,-4.761045833012818,46.07329842931937,192,crypto,SOLUSD,192
0.5412094223487715,0.3456408976961679,0.5879123214359161,90.17930565987523,57.438251643521944,0.8145907326733763,-6.972144237574726,47.76119402985074,336,crypto,SOLUSD,336
0.5705128124101212,0.36508189220376025,0.6042200693487103,94.44995452124734,60.278598542084794,0.7992991886143542,-9.493224863212408,49.791376912378304,720,crypto,SOLUSD,720
0.3146761145459084,0.1051191621216499,0.3242208539277662,60.636984314811606,46.191767127809364,0.0022543131063117727,-24.45587219930044,81.81818181818183,12,crypto,XRPUSD,12
0.6125546319000066,0.42211379158672613,0.6497028486829391,131.59803838441994,72.17962195836253,0.5700325316663154,-10.754707860534603,52.63157894736842,96,crypto,XRPUSD,96
0.6878302268713431,0.5179338610867733,0.7196762196201659,154.05698080913865,80.18330252330166,0.6166551761415038,-14.039678698824549,47.64397905759162,192,crypto,XRPUSD,192
0.6724461984332134,0.5096338498778431,0.7138864404636378,149.17443676143327,77.46664296771095,0.6902272578208937,-7.36181256553094,50.74626865671642,336,crypto,XRPUSD,336
0.6200670681205416,0.4477446436636029,0.6691372382879337,125.3227332775818,68.88208053818909,0.8173187917117246,-3.0952686384488732,33.65785813630042,720,crypto,XRPUSD,720
